County Name,Census Tract,# Extremely Hot Days
n/a,State Total,--
Adams,53001950100,3
Adams,53001950200,3
Adams,53001950300,2
Adams,53001950400,1
Adams,53001950500,1
Asotin,53003960100,4
Asotin,53003960200,4
Asotin,53003960300,4
Asotin,53003960400,4
Asotin,53003960500,4
Asotin,53003960600,4
Benton,53005010100,2
Benton,53005010201,2
Benton,53005010202,2
Benton,53005010300,2
Benton,53005010400,2
Benton,53005010500,2
Benton,53005010600,2
Benton,53005010701,3
Benton,53005010703,2
Benton,53005010705,2
Benton,53005010707,2
Benton,53005010708,2
Benton,53005010803,2
Benton,53005010805,2
Benton,53005010807,3
Benton,53005010809,2
Benton,53005010810,2
Benton,53005010811,2
Benton,53005010813,2
Benton,53005010814,2
Benton,53005010901,2
Benton,53005010902,2
Benton,53005011001,2
Benton,53005011002,2
Benton,53005011100,2
Benton,53005011200,2
Benton,53005011300,2
Benton,53005011401,2
Benton,53005011402,2
Benton,53005011501,2
Benton,53005011503,2
Benton,53005011504,2
Benton,53005011600,3
Benton,53005011700,3
Benton,53005011800,3
Benton,53005011900,3
Benton,53005012000,3
Chelan,53007960100,4
Chelan,53007960200,3
Chelan,53007960300,4
Chelan,53007960400,4
Chelan,53007960500,4
Chelan,53007960600,4
Chelan,53007960700,4
Chelan,53007960801,4
Chelan,53007960802,4
Chelan,53007961000,4
Chelan,53007961100,4
Chelan,53007961200,4
Chelan,53007961301,4
Chelan,53007961302,4
Clallam,53009000200,1
Clallam,53009000300,1
Clallam,53009000400,1
Clallam,53009000600,1
Clallam,53009000700,1
Clallam,53009000800,1
Clallam,53009000900,1
Clallam,53009001000,1
Clallam,53009001100,1
Clallam,53009001200,1
Clallam,53009001300,1
Clallam,53009001400,1
Clallam,53009001500,1
Clallam,53009001600,1
Clallam,53009001700,1
Clallam,53009001800,1
Clallam,53009001900,1
Clallam,53009002000,1
Clallam,53009002100,1
Clallam,53009002300,1
Clallam,53009940000,1
Clallam,53009990100,1
Clark,53011040101,1
Clark,53011040102,1
Clark,53011040201,1
Clark,53011040202,1
Clark,53011040203,1
Clark,53011040301,1
Clark,53011040302,1
Clark,53011040403,1
Clark,53011040407,1
Clark,53011040408,1
Clark,53011040409,1
Clark,53011040411,1
Clark,53011040412,1
Clark,53011040413,1
Clark,53011040414,1
Clark,53011040415,1
Clark,53011040416,1
Clark,53011040504,1
Clark,53011040505,1
Clark,53011040507,1
Clark,53011040508,1
Clark,53011040509,1
Clark,53011040510,1
Clark,53011040511,1
Clark,53011040603,1
Clark,53011040604,1
Clark,53011040605,1
Clark,53011040608,1
Clark,53011040609,1
Clark,53011040610,1
Clark,53011040703,1
Clark,53011040706,1
Clark,53011040707,1
Clark,53011040709,1
Clark,53011040710,1
Clark,53011040711,1
Clark,53011040712,1
Clark,53011040803,1
Clark,53011040805,1
Clark,53011040806,1
Clark,53011040808,1
Clark,53011040809,1
Clark,53011040810,1
Clark,53011040904,1
Clark,53011040905,1
Clark,53011040907,1
Clark,53011040908,1
Clark,53011040909,1
Clark,53011040910,1
Clark,53011041003,1
Clark,53011041005,1
Clark,53011041007,1
Clark,53011041008,1
Clark,53011041009,1
Clark,53011041010,1
Clark,53011041011,1
Clark,53011041104,1
Clark,53011041105,1
Clark,53011041107,1
Clark,53011041108,1
Clark,53011041110,1
Clark,53011041111,1
Clark,53011041112,1
Clark,53011041201,1
Clark,53011041203,1
Clark,53011041205,1
Clark,53011041206,1
Clark,53011041309,1
Clark,53011041310,1
Clark,53011041312,1
Clark,53011041313,1
Clark,53011041317,1
Clark,53011041318,1
Clark,53011041319,1
Clark,53011041320,1
Clark,53011041321,1
Clark,53011041322,1
Clark,53011041323,1
Clark,53011041325,1
Clark,53011041326,1
Clark,53011041327,1
Clark,53011041328,1
Clark,53011041329,1
Clark,53011041330,1
Clark,53011041331,1
Clark,53011041332,1
Clark,53011041333,1
Clark,53011041400,1
Clark,53011041500,1
Clark,53011041600,1
Clark,53011041700,1
Clark,53011041800,1
Clark,53011041900,1
Clark,53011042000,1
Clark,53011042100,1
Clark,53011042300,1
Clark,53011042400,1
Clark,53011042500,1
Clark,53011042600,1
Clark,53011042700,1
Clark,53011042800,1
Clark,53011042900,1
Clark,53011043000,1
Clark,53011043100,1
Columbia,53013960200,3
Cowlitz,53015000300,1
Cowlitz,53015000400,1
Cowlitz,53015000501,1
Cowlitz,53015000502,1
Cowlitz,53015000601,1
Cowlitz,53015000602,1
Cowlitz,53015000702,1
Cowlitz,53015000703,1
Cowlitz,53015000704,1
Cowlitz,53015000800,1
Cowlitz,53015000900,1
Cowlitz,53015001000,1
Cowlitz,53015001100,1
Cowlitz,53015001200,1
Cowlitz,53015001300,1
Cowlitz,53015001501,1
Cowlitz,53015001502,1
Cowlitz,53015001600,1
Cowlitz,53015001700,1
Cowlitz,53015001800,1
Cowlitz,53015001900,1
Cowlitz,53015002001,1
Cowlitz,53015002002,1
Cowlitz,53015002100,1
Douglas,53017950100,3
Douglas,53017950200,3
Douglas,53017950300,4
Douglas,53017950400,4
Douglas,53017950500,4
Douglas,53017950600,4
Douglas,53017950700,4
Douglas,53017950800,4
Ferry,53019940000,3
Ferry,53019970100,4
Ferry,53019970200,3
Franklin,53021020100,2
Franklin,53021020200,2
Franklin,53021020300,2
Franklin,53021020400,2
Franklin,53021020501,2
Franklin,53021020502,2
Franklin,53021020601,2
Franklin,53021020603,2
Franklin,53021020605,2
Franklin,53021020606,2
Franklin,53021020700,2
Franklin,53021020800,2
Franklin,53021980100,2
Garfield,53023970300,4
Grant,53025010100,2
Grant,53025010200,2
Grant,53025010300,2
Grant,53025010400,2
Grant,53025010500,3
Grant,53025010600,3
Grant,53025010700,2
Grant,53025010800,2
Grant,53025010901,2
Grant,53025010902,2
Grant,53025011000,2
Grant,53025011100,2
Grant,53025011200,2
Grant,53025011300,2
Grant,53025011401,2
Grant,53025011402,3
Grays Harbor,53027000200,2
Grays Harbor,53027000300,2
Grays Harbor,53027000400,2
Grays Harbor,53027000500,2
Grays Harbor,53027000600,2
Grays Harbor,53027000700,2
Grays Harbor,53027000800,2
Grays Harbor,53027000900,2
Grays Harbor,53027001000,2
Grays Harbor,53027001100,2
Grays Harbor,53027001200,2
Grays Harbor,53027001300,2
Grays Harbor,53027001400,2
Grays Harbor,53027001500,2
Grays Harbor,53027001600,2
Grays Harbor,53027940000,2
Island,53029970100,1
Island,53029970200,1
Island,53029970300,1
Island,53029970400,1
Island,53029970500,1
Island,53029970601,1
Island,53029970602,1
Island,53029970700,1
Island,53029970800,1
Island,53029970900,1
Island,53029971000,1
Island,53029971100,1
Island,53029971300,1
Island,53029971400,1
Island,53029971500,1
Island,53029971600,1
Island,53029971700,1
Island,53029971800,1
Island,53029971900,1
Island,53029972000,1
Island,53029972100,1
Jefferson,53031950202,1
Jefferson,53031950300,1
Jefferson,53031950400,1
Jefferson,53031950500,1
Jefferson,53031950601,1
Jefferson,53031950602,1
Jefferson,53031950702,1
King,53033000100,1
King,53033000200,1
King,53033000300,1
King,53033000401,1
King,53033000402,1
King,53033000500,1
King,53033000600,1
King,53033000700,1
King,53033000800,1
King,53033000900,1
King,53033001000,1
King,53033001100,1
King,53033001200,1
King,53033001300,1
King,53033001400,1
King,53033001500,1
King,53033001600,1
King,53033001701,1
King,53033001702,1
King,53033001800,1
King,53033001900,1
King,53033002000,1
King,53033002100,1
King,53033002200,1
King,53033002400,1
King,53033002500,1
King,53033002600,1
King,53033002700,1
King,53033002800,1
King,53033002900,1
King,53033003000,1
King,53033003100,1
King,53033003200,1
King,53033003300,1
King,53033003400,1
King,53033003500,1
King,53033003600,1
King,53033003800,1
King,53033003900,1
King,53033004000,1
King,53033004100,1
King,53033004200,1
King,53033004301,1
King,53033004302,1
King,53033004400,1
King,53033004500,1
King,53033004600,1
King,53033004700,1
King,53033004800,1
King,53033004900,1
King,53033005000,1
King,53033005100,1
King,53033005200,1
King,53033005301,1
King,53033005302,1
King,53033005400,1
King,53033005600,1
King,53033005700,1
King,53033005801,1
King,53033005802,1
King,53033005900,1
King,53033006000,1
King,53033006100,1
King,53033006200,1
King,53033006300,1
King,53033006400,1
King,53033006500,1
King,53033006600,1
King,53033006700,1
King,53033006800,1
King,53033006900,1
King,53033007000,1
King,53033007100,1
King,53033007200,1
King,53033007300,1
King,53033007401,1
King,53033007402,1
King,53033007500,1
King,53033007600,1
King,53033007700,1
King,53033007800,1
King,53033007900,1
King,53033008001,1
King,53033008002,1
King,53033008100,1
King,53033008200,1
King,53033008300,1
King,53033008400,1
King,53033008500,1
King,53033008600,1
King,53033008700,1
King,53033008800,1
King,53033008900,1
King,53033009000,1
King,53033009100,1
King,53033009200,1
King,53033009300,1
King,53033009400,1
King,53033009500,1
King,53033009600,1
King,53033009701,1
King,53033009702,1
King,53033009800,1
King,53033009900,1
King,53033010001,1
King,53033010002,1
King,53033010100,1
King,53033010200,1
King,53033010300,1
King,53033010401,1
King,53033010402,1
King,53033010500,1
King,53033010600,1
King,53033010701,1
King,53033010702,1
King,53033010800,1
King,53033010900,1
King,53033011001,1
King,53033011002,1
King,53033011101,1
King,53033011102,1
King,53033011200,1
King,53033011300,1
King,53033011401,1
King,53033011402,1
King,53033011500,1
King,53033011600,1
King,53033011700,1
King,53033011800,1
King,53033011900,1
King,53033012000,1
King,53033012100,1
King,53033020100,1
King,53033020200,1
King,53033020300,1
King,53033020401,1
King,53033020402,1
King,53033020500,1
King,53033020600,1
King,53033020700,1
King,53033020800,1
King,53033020900,1
King,53033021000,1
King,53033021100,1
King,53033021300,1
King,53033021400,1
King,53033021500,1
King,53033021600,1
King,53033021700,1
King,53033021802,1
King,53033021803,1
King,53033021804,1
King,53033021903,1
King,53033021904,1
King,53033021905,1
King,53033021906,1
King,53033022001,1
King,53033022003,1
King,53033022005,1
King,53033022006,1
King,53033022101,1
King,53033022102,1
King,53033022201,1
King,53033022202,1
King,53033022203,1
King,53033022300,1
King,53033022400,1
King,53033022500,1
King,53033022603,1
King,53033022604,1
King,53033022605,1
King,53033022606,1
King,53033022701,1
King,53033022702,1
King,53033022703,1
King,53033022801,1
King,53033022802,1
King,53033022803,1
King,53033022901,1
King,53033022902,1
King,53033023000,1
King,53033023100,1
King,53033023201,1
King,53033023202,1
King,53033023300,1
King,53033023401,1
King,53033023403,1
King,53033023404,1
King,53033023500,1
King,53033023601,1
King,53033023603,1
King,53033023604,1
King,53033023700,1
King,53033023801,1
King,53033023803,1
King,53033023804,1
King,53033023900,1
King,53033024000,1
King,53033024100,1
King,53033024200,1
King,53033024300,1
King,53033024400,1
King,53033024500,1
King,53033024601,1
King,53033024602,1
King,53033024701,1
King,53033024702,1
King,53033024800,1
King,53033024901,1
King,53033024902,1
King,53033024903,1
King,53033025001,1
King,53033025003,1
King,53033025005,1
King,53033025006,1
King,53033025101,1
King,53033025102,1
King,53033025200,1
King,53033025301,1
King,53033025302,1
King,53033025400,1
King,53033025500,1
King,53033025601,1
King,53033025602,1
King,53033025701,1
King,53033025702,1
King,53033025803,1
King,53033025804,1
King,53033025805,1
King,53033025806,1
King,53033026001,1
King,53033026002,1
King,53033026100,1
King,53033026200,1
King,53033026300,1
King,53033026400,1
King,53033026500,1
King,53033026600,1
King,53033026700,1
King,53033026801,1
King,53033026802,1
King,53033027000,1
King,53033027100,1
King,53033027200,1
King,53033027300,1
King,53033027400,1
King,53033027500,1
King,53033027600,1
King,53033027701,1
King,53033027702,1
King,53033027800,1
King,53033027900,1
King,53033028000,1
King,53033028100,1
King,53033028200,1
King,53033028300,1
King,53033028402,1
King,53033028403,1
King,53033028500,1
King,53033028600,1
King,53033028700,1
King,53033028801,1
King,53033028802,1
King,53033028901,1
King,53033028902,1
King,53033029001,1
King,53033029003,1
King,53033029004,1
King,53033029101,1
King,53033029102,1
King,53033029203,1
King,53033029204,1
King,53033029205,1
King,53033029206,1
King,53033029303,1
King,53033029304,1
King,53033029305,1
King,53033029306,1
King,53033029307,1
King,53033029403,1
King,53033029405,1
King,53033029406,1
King,53033029407,1
King,53033029408,1
King,53033029502,1
King,53033029503,1
King,53033029504,1
King,53033029601,1
King,53033029602,1
King,53033029700,1
King,53033029801,1
King,53033029802,1
King,53033029901,1
King,53033029902,1
King,53033030003,1
King,53033030004,1
King,53033030005,1
King,53033030006,1
King,53033030100,1
King,53033030201,1
King,53033030202,1
King,53033030304,1
King,53033030305,1
King,53033030306,1
King,53033030308,1
King,53033030309,1
King,53033030310,1
King,53033030311,1
King,53033030312,1
King,53033030313,1
King,53033030314,1
King,53033030401,1
King,53033030403,1
King,53033030404,1
King,53033030501,1
King,53033030503,1
King,53033030504,1
King,53033030600,1
King,53033030700,1
King,53033030801,1
King,53033030802,1
King,53033030901,1
King,53033030902,1
King,53033031000,1
King,53033031100,1
King,53033031202,1
King,53033031204,1
King,53033031205,1
King,53033031206,1
King,53033031301,1
King,53033031302,1
King,53033031400,1
King,53033031501,1
King,53033031502,1
King,53033031601,1
King,53033031603,1
King,53033031604,1
King,53033031605,1
King,53033031703,1
King,53033031704,1
King,53033031705,1
King,53033031706,1
King,53033031800,1
King,53033031903,1
King,53033031904,1
King,53033031906,1
King,53033031907,1
King,53033031908,1
King,53033031909,1
King,53033032002,1
King,53033032003,1
King,53033032005,1
King,53033032006,1
King,53033032007,1
King,53033032008,1
King,53033032010,1
King,53033032011,1
King,53033032102,1
King,53033032103,1
King,53033032104,1
King,53033032203,1
King,53033032207,1
King,53033032208,1
King,53033032210,1
King,53033032211,1
King,53033032212,1
King,53033032213,1
King,53033032214,1
King,53033032215,1
King,53033032307,1
King,53033032309,1
King,53033032311,1
King,53033032313,1
King,53033032315,1
King,53033032316,1
King,53033032317,1
King,53033032318,1
King,53033032319,1
King,53033032320,1
King,53033032321,1
King,53033032322,1
King,53033032323,1
King,53033032324,1
King,53033032325,1
King,53033032326,1
King,53033032327,1
King,53033032328,1
King,53033032329,1
King,53033032401,1
King,53033032402,1
King,53033032500,1
King,53033032601,1
King,53033032602,1
King,53033032702,1
King,53033032703,1
King,53033032704,1
King,53033032800,1
Kitsap,53035080101,1
Kitsap,53035080102,1
Kitsap,53035080200,1
Kitsap,53035080300,1
Kitsap,53035080400,1
Kitsap,53035080500,1
Kitsap,53035080600,1
Kitsap,53035080700,1
Kitsap,53035080800,1
Kitsap,53035080900,1
Kitsap,53035081000,1
Kitsap,53035081100,1
Kitsap,53035081200,1
Kitsap,53035081400,1
Kitsap,53035090101,1
Kitsap,53035090102,1
Kitsap,53035090201,1
Kitsap,53035090202,1
Kitsap,53035090300,1
Kitsap,53035090400,1
Kitsap,53035090501,1
Kitsap,53035090502,1
Kitsap,53035090700,1
Kitsap,53035090800,1
Kitsap,53035090900,1
Kitsap,53035091000,1
Kitsap,53035091100,1
Kitsap,53035091201,1
Kitsap,53035091203,1
Kitsap,53035091204,1
Kitsap,53035091301,1
Kitsap,53035091302,1
Kitsap,53035091400,1
Kitsap,53035091500,1
Kitsap,53035091600,1
Kitsap,53035091700,1
Kitsap,53035091800,1
Kitsap,53035091900,1
Kitsap,53035092000,1
Kitsap,53035092100,1
Kitsap,53035092200,1
Kitsap,53035092300,1
Kitsap,53035092400,1
Kitsap,53035092500,1
Kitsap,53035092600,1
Kitsap,53035092701,1
Kitsap,53035092704,1
Kitsap,53035092801,1
Kitsap,53035092802,1
Kitsap,53035092803,1
Kitsap,53035092901,1
Kitsap,53035092902,1
Kitsap,53035940000,1
Kitsap,53035940100,1
Kittitas,53037975100,2
Kittitas,53037975200,3
Kittitas,53037975300,4
Kittitas,53037975401,4
Kittitas,53037975402,4
Kittitas,53037975500,4
Kittitas,53037975600,4
Kittitas,53037975700,4
Klickitat,53039950100,4
Klickitat,53039950200,3
Klickitat,53039950300,2
Lewis,53041970100,1
Lewis,53041970200,1
Lewis,53041970300,1
Lewis,53041970400,1
Lewis,53041970500,1
Lewis,53041970600,1
Lewis,53041970700,1
Lewis,53041970800,1
Lewis,53041970900,1
Lewis,53041971000,1
Lewis,53041971100,1
Lewis,53041971200,1
Lewis,53041971300,1
Lewis,53041971400,1
Lewis,53041971500,1
Lewis,53041971600,1
Lewis,53041971700,1
Lewis,53041971800,1
Lewis,53041971900,1
Lewis,53041972000,1
Lincoln,53043960100,4
Lincoln,53043960200,4
Lincoln,53043960300,3
Lincoln,53043960400,4
Mason,53045940000,1
Mason,53045960100,1
Mason,53045960200,2
Mason,53045960300,1
Mason,53045960400,1
Mason,53045960500,1
Mason,53045960600,1
Mason,53045960700,1
Mason,53045960800,1
Mason,53045960900,1
Mason,53045961000,1
Mason,53045961100,1
Mason,53045961200,1
Mason,53045961300,2
Okanogan,53047940100,3
Okanogan,53047940200,4
Okanogan,53047970300,4
Okanogan,53047970400,4
Okanogan,53047970500,4
Okanogan,53047970600,4
Okanogan,53047970700,4
Okanogan,53047970800,4
Okanogan,53047970900,5
Okanogan,53047971000,5
Pacific,53049950200,2
Pacific,53049950300,2
Pacific,53049950400,2
Pacific,53049950500,2
Pacific,53049950600,2
Pacific,53049950700,2
Pacific,53049950800,2
Pend Oreille,53051970100,4
Pend Oreille,53051970200,4
Pend Oreille,53051970300,4
Pend Oreille,53051970400,4
Pend Oreille,53051970500,4
Pierce,53053060200,1
Pierce,53053060300,1
Pierce,53053060400,1
Pierce,53053060500,1
Pierce,53053060600,1
Pierce,53053060700,1
Pierce,53053060800,1
Pierce,53053060903,1
Pierce,53053060904,1
Pierce,53053060905,1
Pierce,53053060906,1
Pierce,53053061001,1
Pierce,53053061002,1
Pierce,53053061100,1
Pierce,53053061200,1
Pierce,53053061300,1
Pierce,53053061400,1
Pierce,53053061500,1
Pierce,53053061601,1
Pierce,53053061602,1
Pierce,53053061700,1
Pierce,53053061800,1
Pierce,53053061900,1
Pierce,53053062000,1
Pierce,53053062300,1
Pierce,53053062400,1
Pierce,53053062500,1
Pierce,53053062600,1
Pierce,53053062801,1
Pierce,53053062802,1
Pierce,53053062900,1
Pierce,53053063000,1
Pierce,53053063100,1
Pierce,53053063200,1
Pierce,53053063300,1
Pierce,53053063400,1
Pierce,53053063501,1
Pierce,53053063502,1
Pierce,53053070100,1
Pierce,53053070203,1
Pierce,53053070204,1
Pierce,53053070205,1
Pierce,53053070206,1
Pierce,53053070207,1
Pierce,53053070307,1
Pierce,53053070308,1
Pierce,53053070309,1
Pierce,53053070310,1
Pierce,53053070311,1
Pierce,53053070312,1
Pierce,53053070313,1
Pierce,53053070314,1
Pierce,53053070315,1
Pierce,53053070316,1
Pierce,53053070401,1
Pierce,53053070403,1
Pierce,53053070404,1
Pierce,53053070703,1
Pierce,53053071100,1
Pierce,53053071205,1
Pierce,53053071206,1
Pierce,53053071207,1
Pierce,53053071208,1
Pierce,53053071209,1
Pierce,53053071210,1
Pierce,53053071304,1
Pierce,53053071305,1
Pierce,53053071306,1
Pierce,53053071307,1
Pierce,53053071309,1
Pierce,53053071310,1
Pierce,53053071403,1
Pierce,53053071406,1
Pierce,53053071407,1
Pierce,53053071408,1
Pierce,53053071409,1
Pierce,53053071410,1
Pierce,53053071411,1
Pierce,53053071503,1
Pierce,53053071504,1
Pierce,53053071505,1
Pierce,53053071506,1
Pierce,53053071601,1
Pierce,53053071602,1
Pierce,53053071703,1
Pierce,53053071704,1
Pierce,53053071705,1
Pierce,53053071706,1
Pierce,53053071707,1
Pierce,53053071803,1
Pierce,53053071805,1
Pierce,53053071806,1
Pierce,53053071807,1
Pierce,53053071808,1
Pierce,53053071901,1
Pierce,53053071902,1
Pierce,53053072000,1
Pierce,53053072105,1
Pierce,53053072106,1
Pierce,53053072107,1
Pierce,53053072108,1
Pierce,53053072109,1
Pierce,53053072111,1
Pierce,53053072112,1
Pierce,53053072305,1
Pierce,53053072307,1
Pierce,53053072308,1
Pierce,53053072309,1
Pierce,53053072310,1
Pierce,53053072311,1
Pierce,53053072312,1
Pierce,53053072313,1
Pierce,53053072405,1
Pierce,53053072406,1
Pierce,53053072407,1
Pierce,53053072408,1
Pierce,53053072409,1
Pierce,53053072410,1
Pierce,53053072503,1
Pierce,53053072504,1
Pierce,53053072505,1
Pierce,53053072506,1
Pierce,53053072507,1
Pierce,53053072601,1
Pierce,53053072602,1
Pierce,53053072603,1
Pierce,53053072800,1
Pierce,53053072901,1
Pierce,53053072903,1
Pierce,53053072905,1
Pierce,53053072906,1
Pierce,53053072907,1
Pierce,53053073001,1
Pierce,53053073005,1
Pierce,53053073006,1
Pierce,53053073108,1
Pierce,53053073110,1
Pierce,53053073111,1
Pierce,53053073113,1
Pierce,53053073114,1
Pierce,53053073115,1
Pierce,53053073116,1
Pierce,53053073117,1
Pierce,53053073118,1
Pierce,53053073119,1
Pierce,53053073120,1
Pierce,53053073121,1
Pierce,53053073122,1
Pierce,53053073123,1
Pierce,53053073124,1
Pierce,53053073125,1
Pierce,53053073126,1
Pierce,53053073200,1
Pierce,53053073301,1
Pierce,53053073302,1
Pierce,53053073404,1
Pierce,53053073405,1
Pierce,53053073406,1
Pierce,53053073407,1
Pierce,53053073408,1
Pierce,53053073500,1
Pierce,53053940001,1
Pierce,53053940002,1
Pierce,53053940003,1
Pierce,53053940004,1
Pierce,53053940005,1
Pierce,53053940006,1
Pierce,53053940007,1
Pierce,53053940008,1
Pierce,53053940009,1
Pierce,53053940010,1
Pierce,53053940011,1
San Juan,53055960100,1
San Juan,53055960300,0
San Juan,53055960400,0
San Juan,53055960500,0
San Juan,53055990100,1
Skagit,53057940200,1
Skagit,53057940300,1
Skagit,53057940400,1
Skagit,53057940500,1
Skagit,53057940600,1
Skagit,53057940700,1
Skagit,53057940800,1
Skagit,53057950100,1
Skagit,53057950800,1
Skagit,53057950900,1
Skagit,53057951000,1
Skagit,53057951100,2
Skagit,53057951200,1
Skagit,53057951300,1
Skagit,53057951400,1
Skagit,53057951500,1
Skagit,53057951600,1
Skagit,53057951700,1
Skagit,53057951800,1
Skagit,53057951900,1
Skagit,53057952100,1
Skagit,53057952200,1
Skagit,53057952301,1
Skagit,53057952302,1
Skagit,53057952401,1
Skagit,53057952402,1
Skagit,53057952500,1
Skagit,53057952600,1
Skagit,53057952700,1
Skagit,53057990100,1
Skamania,53059950100,1
Skamania,53059950200,1
Skamania,53059950300,1
Skamania,53059950400,1
Skamania,53059950500,1
Snohomish,53061040100,1
Snohomish,53061040200,1
Snohomish,53061040300,1
Snohomish,53061040400,1
Snohomish,53061040500,1
Snohomish,53061040700,1
Snohomish,53061040800,1
Snohomish,53061040900,1
Snohomish,53061041000,1
Snohomish,53061041100,1
Snohomish,53061041201,1
Snohomish,53061041202,1
Snohomish,53061041301,1
Snohomish,53061041303,1
Snohomish,53061041304,1
Snohomish,53061041400,1
Snohomish,53061041500,1
Snohomish,53061041601,1
Snohomish,53061041605,1
Snohomish,53061041606,1
Snohomish,53061041607,1
Snohomish,53061041608,1
Snohomish,53061041701,1
Snohomish,53061041703,1
Snohomish,53061041704,1
Snohomish,53061041805,1
Snohomish,53061041806,1
Snohomish,53061041808,1
Snohomish,53061041809,1
Snohomish,53061041810,1
Snohomish,53061041811,1
Snohomish,53061041812,1
Snohomish,53061041901,1
Snohomish,53061041903,1
Snohomish,53061041904,1
Snohomish,53061041905,1
Snohomish,53061042001,1
Snohomish,53061042003,1
Snohomish,53061042004,1
Snohomish,53061042005,1
Snohomish,53061042006,1
Snohomish,53061050101,1
Snohomish,53061050102,1
Snohomish,53061050200,1
Snohomish,53061050300,1
Snohomish,53061050401,1
Snohomish,53061050402,1
Snohomish,53061050500,1
Snohomish,53061050600,1
Snohomish,53061050700,1
Snohomish,53061050800,1
Snohomish,53061050900,1
Snohomish,53061051000,1
Snohomish,53061051100,1
Snohomish,53061051200,1
Snohomish,53061051300,1
Snohomish,53061051400,1
Snohomish,53061051500,1
Snohomish,53061051601,1
Snohomish,53061051602,1
Snohomish,53061051701,1
Snohomish,53061051702,1
Snohomish,53061051802,1
Snohomish,53061051803,1
Snohomish,53061051804,1
Snohomish,53061051905,1
Snohomish,53061051912,1
Snohomish,53061051913,1
Snohomish,53061051914,1
Snohomish,53061051915,1
Snohomish,53061051916,1
Snohomish,53061051917,1
Snohomish,53061051918,1
Snohomish,53061051921,1
Snohomish,53061051922,1
Snohomish,53061051923,1
Snohomish,53061051924,1
Snohomish,53061051925,1
Snohomish,53061051926,1
Snohomish,53061051927,1
Snohomish,53061051928,1
Snohomish,53061052003,1
Snohomish,53061052004,1
Snohomish,53061052005,1
Snohomish,53061052006,1
Snohomish,53061052007,1
Snohomish,53061052104,1
Snohomish,53061052105,1
Snohomish,53061052107,1
Snohomish,53061052108,1
Snohomish,53061052112,1
Snohomish,53061052113,1
Snohomish,53061052114,1
Snohomish,53061052115,1
Snohomish,53061052118,1
Snohomish,53061052203,1
Snohomish,53061052204,1
Snohomish,53061052206,1
Snohomish,53061052207,1
Snohomish,53061052208,1
Snohomish,53061052209,1
Snohomish,53061052301,1
Snohomish,53061052302,1
Snohomish,53061052401,1
Snohomish,53061052402,1
Snohomish,53061052502,1
Snohomish,53061052503,1
Snohomish,53061052504,1
Snohomish,53061052603,1
Snohomish,53061052604,1
Snohomish,53061052605,1
Snohomish,53061052606,1
Snohomish,53061052607,1
Snohomish,53061052701,1
Snohomish,53061052705,1
Snohomish,53061052706,1
Snohomish,53061052707,1
Snohomish,53061052708,1
Snohomish,53061052709,1
Snohomish,53061052803,1
Snohomish,53061052804,1
Snohomish,53061052805,1
Snohomish,53061052806,1
Snohomish,53061052903,1
Snohomish,53061052904,1
Snohomish,53061052905,1
Snohomish,53061052906,1
Snohomish,53061053101,1
Snohomish,53061053102,1
Snohomish,53061053201,1
Snohomish,53061053202,1
Snohomish,53061053301,1
Snohomish,53061053302,1
Snohomish,53061053400,1
Snohomish,53061053504,1
Snohomish,53061053505,1
Snohomish,53061053506,1
Snohomish,53061053507,1
Snohomish,53061053508,1
Snohomish,53061053509,1
Snohomish,53061053602,1
Snohomish,53061053603,1
Snohomish,53061053604,1
Snohomish,53061053700,2
Snohomish,53061053801,1
Snohomish,53061053802,1
Snohomish,53061053803,1
Snohomish,53061940001,1
Snohomish,53061940002,1
Snohomish,53061990002,1
Spokane,53063000200,4
Spokane,53063000300,4
Spokane,53063000400,4
Spokane,53063000500,4
Spokane,53063000600,4
Spokane,53063000700,4
Spokane,53063000800,4
Spokane,53063000900,4
Spokane,53063001000,4
Spokane,53063001100,4
Spokane,53063001200,4
Spokane,53063001300,4
Spokane,53063001400,4
Spokane,53063001500,4
Spokane,53063001600,4
Spokane,53063001800,4
Spokane,53063001900,4
Spokane,53063002000,4
Spokane,53063002100,4
Spokane,53063002300,4
Spokane,53063002400,4
Spokane,53063002500,4
Spokane,53063002600,4
Spokane,53063002900,4
Spokane,53063003000,4
Spokane,53063003100,4
Spokane,53063003200,4
Spokane,53063003500,4
Spokane,53063003600,4
Spokane,53063003800,4
Spokane,53063003900,4
Spokane,53063004000,4
Spokane,53063004100,4
Spokane,53063004200,4
Spokane,53063004300,4
Spokane,53063004400,4
Spokane,53063004500,4
Spokane,53063004601,4
Spokane,53063004602,4
Spokane,53063004700,4
Spokane,53063004800,4
Spokane,53063004900,4
Spokane,53063005000,4
Spokane,53063010100,4
Spokane,53063010201,4
Spokane,53063010202,4
Spokane,53063010301,4
Spokane,53063010303,4
Spokane,53063010304,4
Spokane,53063010305,4
Spokane,53063010401,5
Spokane,53063010402,5
Spokane,53063010501,4
Spokane,53063010503,4
Spokane,53063010504,4
Spokane,53063010601,4
Spokane,53063010602,4
Spokane,53063010700,4
Spokane,53063010800,4
Spokane,53063010900,4
Spokane,53063011000,4
Spokane,53063011101,4
Spokane,53063011102,4
Spokane,53063011201,4
Spokane,53063011202,4
Spokane,53063011300,4
Spokane,53063011400,4
Spokane,53063011500,4
Spokane,53063011600,4
Spokane,53063011701,4
Spokane,53063011702,4
Spokane,53063011800,4
Spokane,53063011900,4
Spokane,53063012000,4
Spokane,53063012100,4
Spokane,53063012200,4
Spokane,53063012300,4
Spokane,53063012401,4
Spokane,53063012402,4
Spokane,53063012500,4
Spokane,53063012600,4
Spokane,53063012701,4
Spokane,53063012702,4
Spokane,53063012801,4
Spokane,53063012802,4
Spokane,53063012901,4
Spokane,53063012902,4
Spokane,53063013000,4
Spokane,53063013100,4
Spokane,53063013201,4
Spokane,53063013202,4
Spokane,53063013300,4
Spokane,53063013401,4
Spokane,53063013500,4
Spokane,53063013600,4
Spokane,53063013700,4
Spokane,53063013800,5
Spokane,53063013900,5
Spokane,53063014001,5
Spokane,53063014002,5
Spokane,53063014100,5
Spokane,53063014200,5
Spokane,53063014300,4
Spokane,53063014400,4
Spokane,53063014500,4
Stevens,53065941000,4
Stevens,53065950100,4
Stevens,53065950200,4
Stevens,53065950300,4
Stevens,53065950500,4
Stevens,53065950600,4
Stevens,53065950700,5
Stevens,53065950800,5
Stevens,53065950900,4
Stevens,53065951100,4
Stevens,53065951300,4
Stevens,53065951400,5
Thurston,53067010100,1
Thurston,53067010200,1
Thurston,53067010300,1
Thurston,53067010400,1
Thurston,53067010510,1
Thurston,53067010520,1
Thurston,53067010600,1
Thurston,53067010700,1
Thurston,53067010800,1
Thurston,53067010910,1
Thurston,53067010920,1
Thurston,53067011000,1
Thurston,53067011100,1
Thurston,53067011200,1
Thurston,53067011300,1
Thurston,53067011410,1
Thurston,53067011420,1
Thurston,53067011500,1
Thurston,53067011610,1
Thurston,53067011621,1
Thurston,53067011622,1
Thurston,53067011623,1
Thurston,53067011624,1
Thurston,53067011710,1
Thurston,53067011720,1
Thurston,53067011810,1
Thurston,53067011821,1
Thurston,53067011822,1
Thurston,53067011900,1
Thurston,53067012000,1
Thurston,53067012100,1
Thurston,53067012211,1
Thurston,53067012212,1
Thurston,53067012221,1
Thurston,53067012222,1
Thurston,53067012310,1
Thurston,53067012320,1
Thurston,53067012330,1
Thurston,53067012411,1
Thurston,53067012412,1
Thurston,53067012420,1
Thurston,53067012510,1
Thurston,53067012520,1
Thurston,53067012530,1
Thurston,53067012610,1
Thurston,53067012620,1
Thurston,53067012710,1
Thurston,53067012720,1
Thurston,53067012730,1
Wahkiakum,53069950100,1
Walla Walla,53071920000,2
Walla Walla,53071920100,2
Walla Walla,53071920200,2
Walla Walla,53071920300,2
Walla Walla,53071920400,2
Walla Walla,53071920500,2
Walla Walla,53071920600,2
Walla Walla,53071920701,2
Walla Walla,53071920702,2
Walla Walla,53071920801,2
Walla Walla,53071920802,2
Walla Walla,53071920900,2
Whatcom,53073000100,1
Whatcom,53073000200,1
Whatcom,53073000300,1
Whatcom,53073000400,1
Whatcom,53073000501,1
Whatcom,53073000502,1
Whatcom,53073000600,1
Whatcom,53073000700,1
Whatcom,53073000803,1
Whatcom,53073000804,1
Whatcom,53073000805,1
Whatcom,53073000806,1
Whatcom,53073000901,1
Whatcom,53073000902,1
Whatcom,53073001000,1
Whatcom,53073001100,1
Whatcom,53073001201,1
Whatcom,53073001202,1
Whatcom,53073010100,2
Whatcom,53073010200,1
Whatcom,53073010301,1
Whatcom,53073010302,1
Whatcom,53073010303,1
Whatcom,53073010401,1
Whatcom,53073010403,1
Whatcom,53073010404,1
Whatcom,53073010501,1
Whatcom,53073010502,1
Whatcom,53073010600,1
Whatcom,53073010701,1
Whatcom,53073010702,1
Whatcom,53073010900,1
Whatcom,53073011000,1
Whatcom,53073940000,1
Whitman,53075000100,4
Whitman,53075000200,4
Whitman,53075000300,4
Whitman,53075000400,4
Whitman,53075000500,4
Whitman,53075000600,4
Whitman,53075000700,4
Whitman,53075000800,4
Whitman,53075000900,5
Whitman,53075001000,4
Yakima,53077000100,5
Yakima,53077000200,5
Yakima,53077000300,5
Yakima,53077000400,5
Yakima,53077000500,5
Yakima,53077000600,5
Yakima,53077000700,5
Yakima,53077000800,5
Yakima,53077000901,5
Yakima,53077000902,5
Yakima,53077001000,5
Yakima,53077001100,5
Yakima,53077001201,5
Yakima,53077001202,5
Yakima,53077001300,5
Yakima,53077001400,5
Yakima,53077001501,5
Yakima,53077001502,5
Yakima,53077001601,5
Yakima,53077001602,5
Yakima,53077001701,4
Yakima,53077001702,5
Yakima,53077001800,4
Yakima,53077001901,4
Yakima,53077001902,4
Yakima,53077002001,4
Yakima,53077002002,4
Yakima,53077002101,4
Yakima,53077002102,4
Yakima,53077002200,5
Yakima,53077002701,4
Yakima,53077002801,4
Yakima,53077002802,5
Yakima,53077002900,4
Yakima,53077003001,3
Yakima,53077003002,5
Yakima,53077003100,5
Yakima,53077003200,5
Yakima,53077003400,5
Yakima,53077940001,5
Yakima,53077940002,5
Yakima,53077940003,4
Yakima,53077940004,5
Yakima,53077940005,5
Yakima,53077940006,5
,,
,,
Extremely Hot Days,,
"Geography: Census Tract, Year: 2014",,
Created: 10/28/2020,,
,,
"""**"" indicates data suppression to protect confidentiality.",,
,,
"""--"" indicates no data collected.",,
,,
"""NR"" indicates data are not reliable.",,
